"Size","Time","Standard Deviation","Standard Error","90%-CL","95%-CL"
"1","5.846023559570312e-06","1.26720315871e-06","1.27358709412e-07","5.63455828482e-06 - 6.05748883432e-06","5.59331624943e-06 - 6.09873086971e-06"
"2","1.2133121490478516e-05","1.05169081001e-06","1.05698903402e-07","1.19576199661e-05 - 1.23086230149e-05","1.19233919346e-05 - 1.23428510464e-05"
"3","2.2614002227783202e-05","5.85252055053e-06","5.88200446787e-07","2.1637359408e-05 - 2.35906450476e-05","2.14468849304e-05 - 2.37811195252e-05"
"4","3.346920013427734e-05","3.31046236126e-06","3.32713985906e-07","3.29167647746e-05 - 3.4021635494e-05","3.28090234034e-05 - 3.41293768651e-05"
"5","4.8544406890869144e-05","1.53475467304e-06","1.54248648355e-07","4.82882937993e-05 - 4.88005199824e-05","4.82383441081e-05 - 4.88504696737e-05"
"6","6.755352020263671e-05","4.82221483331e-06","4.84650826078e-07","6.67488102573e-05 - 6.8358230148e-05","6.6591867818e-05 - 6.85151725873e-05"
"7","8.998394012451172e-05","1.03495184686e-05","1.04016574307e-06","8.82568581239e-05 - 9.17110221251e-05","8.79200256247e-05 - 9.20478546243e-05"
"8","0.00011451482772827148","1.71525124611e-05","1.72389236501e-06","0.000111652492092 - 0.000117377163365","0.000111094251275 - 0.000117935404181"
"9","0.0001454615592956543","3.0800319771e-05","3.09554860919e-06","0.000140321737762 - 0.000150601380829","0.000139319319271 - 0.00015160379932"
"10","0.0001746058464050293","1.62683384852e-05","1.6350295369e-06","0.000171891057822 - 0.000177320634988","0.000171361593082 - 0.000177850099728"
"11","0.00020491361618041993","2.33368181543e-05","2.34543847329e-06","0.000201019270882 - 0.000208807961478","0.000200259757403 - 0.000209567474958"
"12","0.0002367877960205078","1.77798158067e-05","1.7869387234e-06","0.000233820778768 - 0.000239754813273","0.000233242121914 - 0.000240333470127"
"13","0.0002708864212036133","9.21156214115e-06","9.25796828947e-07","0.000269349236337 - 0.000272423606071","0.000269049439442 - 0.000272723402965"
"14","0.00032337427139282225","3.41744579731e-05","3.4346622579e-06","0.000317671388556 - 0.00032907715423","0.000316559156318 - 0.000330189386468"
"15","0.0004378533363342285","9.77898819104e-05","9.82825292696e-06","0.000421534592095 - 0.000454172080573","0.000418351950273 - 0.000457354722396"
"16","0.00040945053100585935","2.1437835001e-05","2.15458348533e-06","0.000405873079642 - 0.00041302798237","0.000405175369931 - 0.000413725692081"
"17","0.00045886039733886717","1.96355902529e-05","1.97345107291e-06","0.000455583696631 - 0.000462137098047","0.000454944642267 - 0.000462776152411"
"18","0.0005276989936828613","2.52134846073e-05","2.53405054848e-06","0.000523491478563 - 0.000531906508802","0.000522670887629 - 0.000532727099737"
"19","0.0005753684043884277","2.80358931443e-05","2.81771327946e-06","0.000570689898179 - 0.000580046910598","0.000569777449935 - 0.000580959358842"
"20","0.0006443452835083008","7.91020689137e-05","7.95005705235e-06","0.000631145079089 - 0.000657545487928","0.00062857064554 - 0.000660119921477"
"21","0.0006860733032226562","4.20979702853e-05","4.23100520823e-06","0.000679048179594 - 0.000693098426851","0.000677678070967 - 0.000694468535479"
"22","0.0007812666893005371","0.000124428139993","1.25054985975e-05","0.000760502670028 - 0.000802030708573","0.000756453066996 - 0.000806080311605"
"23","0.0008827352523803711","0.000134948775991","1.35628622994e-05","0.000860215595768 - 0.000905254908992","0.000855823591095 - 0.000909646913666"
"24","0.0009117746353149415","1.63002868124e-05","1.6382404646e-06","0.000909054515336 - 0.000914494755294","0.000908524010814 - 0.000915025259815"
"25","0.0010825037956237794","0.000162835174757","1.63655508285e-05","0.00105533057977 - 0.00110967701148","0.00105003099225 - 0.001114976599"
"26","0.0010889458656311035","8.23996730059e-05","8.28147873359e-06","0.00107519537158 - 0.00110269635968","0.00107251361514 - 0.00110537811612"
"27","0.0011855435371398925","6.32488448403e-05","6.35674808359e-06","0.00117498884884 - 0.00119609822544","0.00117293036984 - 0.00119815670444"
"28","0.0012569975852966308","4.84989436837e-05","4.87432724022e-06","0.00124890429546 - 0.00126509087514","0.00124732586256 - 0.00126666930803"
"29","0.0014241838455200195","0.000168291585382","1.69139407299e-05","0.00139610008792 - 0.00145226760312","0.00139062291761 - 0.00145774477343"
"30","0.0020480608940124513","0.000624630632381","6.27777406112e-05","0.00194382528871 - 0.00215229649932","0.00192349623691 - 0.00217262555111"
"31","0.0016131925582885743","0.000143662673781","1.44386419791e-05","0.00158921876484 - 0.00163716635174","0.00158454316012 - 0.00164184195646"
"32","0.0018638706207275391","0.000411715048497","4.13789192851e-05","0.0017951654291 - 0.00193257581235","0.00178176586765 - 0.00194597537381"
"33","0.0016665792465209962","3.98636865272e-05","4.00645124155e-06","0.00165992697031 - 0.00167323152273","0.00165862957805 - 0.00167452891499"
"34","0.001868605613708496","0.000292122170186","2.93593827713e-05","0.00181985755421 - 0.00191735367321","0.00181035022873 - 0.00192686099869"
"35","0.001950995922088623","5.63599862713e-05","5.66439174701e-06","0.00194159081613 - 0.00196040102805","0.00193975653996 - 0.00196223530421"
"36","0.0021778655052185057","0.000287273920001","2.88721152939e-05","0.00212992650033 - 0.00222580451011","0.00212057696463 - 0.00223515404581"
"37","0.00219437837600708","0.000124905242702","1.2553449224e-05","0.00217353473994 - 0.00221522201208","0.00216946960926 - 0.00221928714276"
"38","0.0024928689002990724","0.000451014427025","4.53286554387e-05","0.0024176056017 - 0.0025681321989","0.00240292701379 - 0.00258281078681"
"39","0.00244295597076416","0.000204106293963","2.05134543765e-05","0.00240889561254 - 0.00247701632899","0.00240225282686 - 0.00248365911467"
"40","0.002635619640350342","0.000274699973067","2.76083860783e-05","0.00258977892027 - 0.00268146036043","0.00258083861269 - 0.00269040066801"
"41","0.002666335105895996","0.000157736817248","1.58531466193e-05","0.00264001268145 - 0.00269265753034","0.00263487902364 - 0.00269779118815"
"42","0.002823209762573242","0.000132687091635","1.3335554469e-05","0.00280106752587 - 0.00284535199927","0.00279674912934 - 0.00284967039581"
"43","0.0030405831336975096","0.000201708184412","2.02724352981e-05","0.00300692296142 - 0.00307424330598","0.00300035822393 - 0.00308080804346"
"44","0.0032761240005493163","0.000290136026747","2.9159767845e-05","0.00322770737991 - 0.00332454062119","0.00321826469489 - 0.00333398330621"
"45","0.003215999603271484","0.000226452053098","2.27592876707e-05","0.00317821028331 - 0.00325378892324","0.00317084023887 - 0.00326115896767"
"46","0.0031598925590515135","0.000224139606126","2.25268780053e-05","0.00312248913004 - 0.00319729598806","0.00311519434585 - 0.00320459077225"
"47","0.003410468101501465","0.000222221413943","2.23340924373e-05","0.00337338477194 - 0.00344755143106","0.00336615241669 - 0.00345478378631"
"48","0.0033906221389770506","0.000238839530071","2.400427595e-05","0.00335076565148 - 0.00343047862647","0.00334299244773 - 0.00343825183023"
"49","0.0037367916107177734","0.000149042775214","1.49793625182e-05","0.00371192000967 - 0.00376166321177","0.00370706930569 - 0.00376651391575"
"50","0.00395435094833374","0.000231928996831","2.3309741227e-05","0.00391564766015 - 0.00399305423652","0.00390809936466 - 0.00400060253201"
"51","0.00408087968826294","0.000235006121255","2.36190038678e-05","0.00404166290313 - 0.0041200964734","0.00403401446041 - 0.00412774491612"
"52","0.004300999641418457","0.000277658601424","2.79057394163e-05","0.00425466519849 - 0.00434733408435","0.00424562860022 - 0.00435637068261"
"53","0.004607057571411133","0.00022346274025","2.24588504253e-05","0.00456976709479 - 0.00464434804803","0.00456249433969 - 0.00465162080314"
"54","0.004670403003692627","0.000290966731559","2.92432568199e-05","0.0046218477587 - 0.00471895824869","0.00461237803779 - 0.00472842796959"
"55","0.0049101138114929195","0.000517747071822","5.20355385921e-05","0.00482371446342 - 0.00499651315957","0.00480686401374 - 0.00501336360925"
"56","0.004998440742492676","0.000314151994409","3.1573463412e-05","0.00494601644308 - 0.00505086504191","0.00493579214117 - 0.00506108934381"
"57","0.005148699283599853","0.000387853538291","3.89807472765e-05","0.00508397599557 - 0.00521342257163","0.00507135302407 - 0.00522604554313"
"58","0.005418977737426758","0.000402328579109","4.04355436164e-05","0.00535183891842 - 0.00548611655644","0.00533874484634 - 0.00549921062851"
"59","0.005583839416503906","0.000405420613883","4.07463048038e-05","0.00551618461237 - 0.00565149422064","0.0055029899078 - 0.00566468892521"
"60","0.005708069801330567","0.000334672801931","3.3635882168e-05","0.00565222108005 - 0.00576391852261","0.00564132891375 - 0.00577481068891"
"61","0.0059116148948669435","0.000327884715367","3.2953653799e-05","0.00585689893954 - 0.00596633085019","0.00584622769638 - 0.00597700209335"
"62","0.006087198257446289","0.000324399051571","3.26033314063e-05","0.00603306397432 - 0.00614133254057","0.00602250617459 - 0.0061518903403"
"63","0.006298079490661621","0.000478065957613","4.80474365589e-05","0.00621830195193 - 0.00637785702939","0.00620274295256 - 0.00639341602876"
"64","0.006598682403564453","0.000441981914627","4.44208537861e-05","0.0065249264108 - 0.00667243839633","0.00651054179248 - 0.00668682301465"
"65","0.006796829700469971","0.000484512701257","4.86953586737e-05","0.00671597635759 - 0.00687768304335","0.00670020754433 - 0.00689345185661"
"66","0.006825346946716309","0.000328625113468","3.30280666079e-05","0.00677050743702 - 0.00688018645641","0.00675981209708 - 0.00689088179636"
"67","0.007150273323059082","0.000377579331608","3.79481506527e-05","0.00708726454933 - 0.00721328209679","0.00707497595926 - 0.00722557068686"
"68","0.007384231090545654","0.000590337172224","5.93311181839e-05","0.00728571822664 - 0.00748274395445","0.00726650528009 - 0.007501956901"
"69","0.007590384483337403","0.000478122225041","4.80530916483e-05","0.00751059755495 - 0.00767017141173","0.00749503672432 - 0.00768573224236"
"70","0.007729403972625733","0.00049004790505","4.92516675864e-05","0.00764762693935 - 0.0078111810059","0.00763167797891 - 0.00782712996634"
"71","0.007926194667816163","0.000363666691161","3.65498776767e-05","0.00786550757417 - 0.00798688176146","0.00785367178095 - 0.00799871755468"
"72","0.008190248012542724","0.000450072526605","4.52339908847e-05","0.00811514189413 - 0.00826535413096","0.00810049396104 - 0.00828000206404"
"73","0.008608279228210449","0.000500364253035","5.02884995704e-05","0.00852478064828 - 0.00869177780815","0.0085084959349 - 0.00870806252152"
"74","0.008551042079925537","0.000427353787706","4.29506717139e-05","0.00847972716447 - 0.00862235699538","0.00846581862903 - 0.00863626553082"
"75","0.008875210285186768","0.000604234718519","6.07278741404e-05","0.00877437826004 - 0.00897604231033","0.00875471300789 - 0.00899570756249"
"76","0.009070515632629395","0.000495560230536","4.98056771427e-05","0.00898781872678 - 0.00915321253848","0.00897169036376 - 0.0091693409015"
"77","0.00938166856765747","0.000611460362403","6.14540786747e-05","0.00927963075893 - 0.00948370637639","0.00925973034301 - 0.0095036067923"
"78","0.00951040506362915","0.000460041496425","4.62359100496e-05","0.00943363536749 - 0.00958717475976","0.00941866298714 - 0.00960214714012"
"79","0.009749512672424316","0.000596967883447","5.99975297359e-05","0.00964989330467 - 0.00984913204018","0.00963046455687 - 0.00986856078798"
"80","0.010253665447235107","0.000673859702013","6.77254482703e-05","0.0101412147119 - 0.0103661161826","0.0101192834647 - 0.0103880474297"
"81","0.010295498371124267","0.000709221477336","7.12794404117e-05","0.0101771466187 - 0.0104138501236","0.0101540644972 - 0.0104369322451"
"82","0.010440518856048584","0.000685000063449","6.88450967221e-05","0.0103262090663 - 0.0105548286458","0.0103039152481 - 0.010577122464"
"83","0.010423414707183838","0.000793322423987","7.973190358e-05","0.0102910285596 - 0.0105558008547","0.0102652093125 - 0.0105816201018"
"84","0.011284160614013671","0.00108500904576","0.000109047512089","0.0111030990894 - 0.0114652221387","0.011067786692 - 0.011500534536"
"85","0.011312730312347412","0.000691829923269","6.95315234613e-05","0.0111972807857 - 0.011428179839","0.0111747646848 - 0.0114506959399"
"86","0.011211912631988525","0.000564513918065","5.67357834895e-05","0.0111177090389 - 0.0113061162251","0.0110993365286 - 0.0113244887353"
"87","0.011554789543151856","0.000690730655525","6.94210428961e-05","0.0114395234575 - 0.0116700556288","0.011417043133 - 0.0116925359533"
"88","0.012123639583587647","0.00126374557092","0.000127011208764","0.0119127512958 - 0.0123345278713","0.0118716217901 - 0.012375657377"
"89","0.012717354297637939","0.00108838000218","0.000109386305956","0.0125357302426 - 0.0128989783526","0.0125003081351 - 0.0129344004602"
"90","0.013048758506774902","0.00140447192436","0.000141154739445","0.0128143864258 - 0.0132831305878","0.01276867688 - 0.0133288401336"
"91","0.0130617356300354","0.000809227551178","8.13304290083e-05","0.012926695305 - 0.0131967759551","0.0129003584141 - 0.0132231128459"
"92","0.013719692230224609","0.00120428484393","0.000121035180849","0.0135187264864 - 0.0139206579741","0.0134795321727 - 0.0139598522878"
"93","0.015276370048522949","0.00321006769194","0.000322623941994","0.0147406881085 - 0.0158120519885","0.0146362141539 - 0.0159165259432"
"94","0.015592598915100097","0.00277875980507","0.000279275868362","0.0151288917332 - 0.016056306097","0.0150384550029 - 0.0161467428273"
"95","0.015105905532836915","0.00317666065876","0.00031926640883","0.0145757984112 - 0.0156360126545","0.0144724117124 - 0.0157393993533"
"96","0.014440033435821533","0.000655312008215","6.5861334905e-05","0.0143306778578 - 0.0145493890138","0.0143093502587 - 0.014570716613"
"97","0.014930822849273682","0.000815280038125","8.19387268341e-05","0.0147947725119 - 0.0150668731866","0.0147682386385 - 0.01509340706"
"98","0.015286877155303955","0.000808725449565","8.12799658975e-05","0.0151519206188 - 0.0154218336918","0.0151256000692 - 0.0154481542415"
"99","0.01527597665786743","0.00058920307199","5.92171368217e-05","0.0151776530476 - 0.0153743002681","0.0151584770112 - 0.0153934763046"
"100","0.015624098777770996","0.00043543316557","4.37626797415e-05","0.0155514356114 - 0.0156967619442","0.0155372641268 - 0.0157109334288"
"101","0.016832914352416992","0.0014110729313","0.000141818165604","0.0165974407245 - 0.0170683879803","0.0165515163442 - 0.0171143123606"
"102","0.01650099754333496","0.000598154658822","6.0116805149e-05","0.0164011801317 - 0.0166008149549","0.0163817127595 - 0.0166202823272"
"103","0.01596557140350342","0.000749253696695","7.53028298401e-05","0.0158405392508 - 0.0160906035562","0.015816154252 - 0.016114988555"
"104","0.015754783153533937","0.000580791609198","5.8371753003e-05","0.0156578632111 - 0.015851703096","0.0156389609317 - 0.0158706053753"
"105","0.016333487033843994","0.000908232173272","9.12807679173e-05","0.0161819252541 - 0.0164850488136","0.0161523661868 - 0.0165146078809"
"106","0.0173582124710083","0.000985659446572","9.90625016772e-05","0.0171937299693 - 0.0175226949727","0.0171616509759 - 0.0175547739661"
"107","0.017971057891845704","0.00059549726046","5.98497265645e-05","0.0178716839352 - 0.0180704318485","0.0178523030499 - 0.0180898127338"
"108","0.01996867895126343","0.00322230500783","0.000323853838516","0.019430954902 - 0.0205064030006","0.0193260826751 - 0.0206112752275"
"109","0.018920011520385742","0.00102817424418","0.000103335399607","0.0187484343368 - 0.019091588704","0.0187149716688 - 0.019125051372"
"110","0.019406898021697996","0.000715393813042","7.1899783491e-05","0.0192875162571 - 0.0195262797863","0.0192642332525 - 0.0195495627909"
"111","0.01959228515625","0.00128494543356","0.000129141875127","0.0193778591289 - 0.0198067111836","0.0193360396585 - 0.019848530654"
"112","0.019133100509643553","0.00125033704795","0.000125663601501","0.0189244497771 - 0.0193417512422","0.0188837566614 - 0.0193824443579"
"113","0.01896697998046875","0.000826917849702","8.31083709064e-05","0.0188289875764 - 0.0191049723845","0.0188020749421 - 0.0191318850188"
"114","0.018753342628479004","0.000778809951246","7.82733451903e-05","0.0186233782584 - 0.0188833069986","0.0185980313301 - 0.0189086539269"
"115","0.020636091232299803","0.000948093030709","9.52869348247e-05","0.0204778776484 - 0.0207943048162","0.020447021281 - 0.0208251611836"
"116","0.02123927593231201","0.000991191818995","9.96185260266e-05","0.0210738702127 - 0.0214046816519","0.0210416111643 - 0.0214369407003"
"117","0.021414978504180907","0.00118642022425","0.000119239719016","0.0212169939293 - 0.0216129630791","0.0211783810324 - 0.0216515759759"
"118","0.021376287937164305","0.00036585608282","3.67699198176e-05","0.0213152354875 - 0.0214373403868","0.021303328439 - 0.0214492474354"
"119","0.021387197971343995","0.000706285700285","7.09843837163e-05","0.0212693361284 - 0.0215050598143","0.0212463495539 - 0.0215280463888"
"120","0.020984077453613283","0.000951833644999","9.5662880706e-05","0.0208252396525 - 0.0211429152547","0.0207942615441 - 0.0211738933631"
"121","0.021170644760131835","0.000823448282847","8.27596663171e-05","0.0210332313421 - 0.0213080581782","0.0210064316273 - 0.0213348578929"
"122","0.021679596900939943","0.000907537061139","9.12109065193e-05","0.0215281511184 - 0.0218310426835","0.0214986146741 - 0.0218605791278"
"123","0.021917963027954103","0.000777782708055","7.8170103365e-05","0.0217881700797 - 0.0220477559762","0.0217628565838 - 0.0220730694722"
"124","0.0225017786026001","0.000995709180026","0.000100072537893","0.0223356190457 - 0.0226679381595","0.0223032129765 - 0.0227003442287"
"125","0.02291775941848755","0.000896353677579","9.00869341814e-05","0.0227681798697 - 0.0230673389673","0.0227390073966 - 0.0230965114404"
"126","0.022915091514587402","0.00084600195503","8.50263956588e-05","0.0227739144392 - 0.02305626859","0.022746380699 - 0.0230838023302"
"127","0.023651154041290284","0.000883875756748","8.88328559523e-05","0.0235036567529 - 0.0237986513297","0.0234748903827 - 0.0238274176999"
"128","0.023978877067565917","0.000742173812204","7.45912746761e-05","0.0238550263748 - 0.0241027277604","0.0238308717959 - 0.0241268823392"
"129","0.024308409690856934","0.00110563244448","0.000111120241648","0.0241239066244 - 0.0244929127573","0.0240879230237 - 0.024528896358"
"130","0.024343390464782715","0.000904169597972","9.08724637369e-05","0.0241925066297 - 0.0244942742999","0.0241630797818 - 0.0245237011478"
"131","0.025353033542633057","0.00120904690341","0.000121513785835","0.0251512731273 - 0.025554793958","0.0251119238289 - 0.0255941432563"
"132","0.027017157077789306","0.00112716173674","0.000113284016934","0.026829061298 - 0.0272052528576","0.0267923770111 - 0.0272419371445"
"133","0.028837051391601563","0.00307220480478","0.000308768200502","0.0283243754022 - 0.029349727381","0.0282243882941 - 0.0294497144891"
"134","0.026920766830444337","0.00115517052352","0.000116099005921","0.0267279970678 - 0.0271135365931","0.0266904012148 - 0.027151132446"
"135","0.02785622835159302","0.00112793875515","0.000113362110222","0.0276680029064 - 0.0280444537968","0.0276312933308 - 0.0280811633724"
"136","0.028434591293334963","0.00206226281456","0.000207265211364","0.0280904499694 - 0.0287787326172","0.0280233321475 - 0.0288458504392"
"137","0.028408079147338866","0.00156573358255","0.000157362145909","0.028146796432 - 0.0286693618627","0.0280958385099 - 0.0287203197848"
"138","0.028982274532318116","0.00126909555871","0.000127548902768","0.0287704934622 - 0.0291940556024","0.0287291898373 - 0.0292353592273"
"139","0.03004692792892456","0.00133788728925","0.000134462731825","0.0298236671982 - 0.0302701886597","0.0297801246971 - 0.0303137311608"
"140","0.03090303182601929","0.00142593971794","0.000143312333881","0.0306650772943 - 0.0311409863577","0.0306186690638 - 0.0311873945883"
"141","0.03142387866973877","0.00151917086205","0.00015268241642","0.0311703661358 - 0.0316773912036","0.0311209236309 - 0.0317268337086"
"142","0.03182309150695801","0.00219000087931","0.000220103369915","0.0314576338181 - 0.0321885491958","0.0313863586693 - 0.0322598243446"
"143","0.033315589427947996","0.00271817892404","0.00027318726073","0.0328619917163 - 0.0337691871396","0.0327735266343 - 0.0338576522216"
"144","0.03358308553695679","0.00246079946699","0.00024731965201","0.0331724381741 - 0.0339937328999","0.033092349691 - 0.0340738213829"
"145","0.03548771619796753","0.00285281638866","0.000286718835059","0.03501165078 - 0.035963781616","0.0349188038251 - 0.0360566285708"
"146","0.03560029983520508","0.00447163677398","0.000449416405395","0.0348540928103 - 0.0363465068601","0.0347085601853 - 0.0364920394851"
"147","0.03538825511932373","0.00194899160719","0.000195881026684","0.035063015995 - 0.0357134942437","0.0349995846657 - 0.0357769255729"
"148","0.03442745447158813","0.00206498023643","0.000207538322538","0.0340828596763 - 0.0347720492669","0.0340156534139 - 0.0348392555293"
"149","0.03363069295883179","0.00142714715855","0.000143433686228","0.0333925369347 - 0.0338688489829","0.0333460894072 - 0.0339152965105"
"150","0.033765485286712645","0.00127985043869","0.000128629808876","0.0335519094897 - 0.0339790610838","0.0335102558395 - 0.034020714734"
"151","0.03469292163848877","0.00130210248206","0.000130866223381","0.0344756325186 - 0.0349102107584","0.0344332546597 - 0.0349525886173"
"152","0.034838051795959474","0.00137758334097","0.000138452335135","0.0346081667632 - 0.0350679368287","0.0345633323256 - 0.0351127712663"
"153","0.03557025194168091","0.00144867354738","0.000145597169708","0.0353285036888 - 0.0358120001946","0.0352813555695 - 0.0358591483139"
"154","0.03591651916503906","0.00144080066562","0.00014480591532","0.0356760847039 - 0.0361569536262","0.0356291928132 - 0.0362038455169"
"155","0.03697347164154053","0.00177074365278","0.000177966433217","0.0366779777498 - 0.0372689655333","0.036620347628 - 0.0373265956551"
"156","0.04021299123764038","0.00389870110685","0.000391834204278","0.0395623931902 - 0.040863589285","0.0394355071673 - 0.0409904753079"
"157","0.03911559820175171","0.00215061692638","0.000216145133715","0.0387567127333 - 0.0394744836702","0.0386867193634 - 0.0395444770401"
"158","0.038224270343780516","0.0016386196942","0.000164687475749","0.0379508247155 - 0.038497715972","0.0378974946627 - 0.0385510460249"
"159","0.03938632249832153","0.00205131920956","0.000206165337678","0.039044007395 - 0.0397286376017","0.0389772457405 - 0.0397953992562"
"160","0.039807796478271484","0.00213823272889","0.000214900475036","0.0394509776301 - 0.0401646153264","0.0393813873128 - 0.0402342056437"
"161","0.0406319785118103","0.00184743116981","0.000185673818675","0.0403236873454 - 0.0409402696782","0.0402635613733 - 0.0410003956503"
"162","0.03986201286315918","0.00142310682258","0.000143027617184","0.0396245310725 - 0.0400994946538","0.0395782150406 - 0.0401458106857"
"163","0.0410825514793396","0.0021542818666","0.000216513474066","0.0407230544218 - 0.0414420485368","0.0406529417739 - 0.0415121611848"
"164","0.0419089150428772","0.00250516093232","0.000251778147029","0.0414908648343 - 0.0423269652515","0.0414093325755 - 0.0424084975102"
"165","0.04309991598129272","0.00169876499659","0.000170732306081","0.0428164335702 - 0.0433833983924","0.0427611460454 - 0.0434386859172"
"166","0.04367581129074097","0.00210042000078","0.000211100152871","0.0433253024639 - 0.0440263201176","0.0432569427889 - 0.0440946797925"
"167","0.043423745632171634","0.00142795693153","0.000143515071475","0.0431854544767 - 0.0436620367876","0.0431389805946 - 0.0437085106698"
"168","0.04457170963287353","0.00245241760762","0.000246477243447","0.0441624609977 - 0.044980958268","0.0440826453083 - 0.0450607739575"
"169","0.04614595890045166","0.00235748534965","0.000236936192532","0.0457525521418 - 0.0465393656591","0.0456758260908 - 0.0466160917101"
"170","0.04615211248397827","0.00185442170728","0.000186376394125","0.0458426547675 - 0.0464615702005","0.0457823012834 - 0.0465219236846"
"171","0.04509902000427246","0.0016763422027","0.000168478730503","0.0448192794102 - 0.0453787605984","0.0447647216512 - 0.0454333183573"
"172","0.046121983528137206","0.00241793364765","0.000243011475067","0.0457184894241 - 0.0465254776321","0.0456397960399 - 0.0466041710164"
"173","0.046246671676635744","0.00130541693458","0.000131199338393","0.0460288294555 - 0.0464645138978","0.0459863437254 - 0.0465069996279"
"174","0.048336169719696044","0.00314792159602","0.000316378024347","0.0478108584461 - 0.0488614809933","0.0477084070807 - 0.0489639323587"
"175","0.04741673469543457","0.00242762934754","0.000243985929571","0.0470116226158 - 0.0478218467751","0.0469326136781 - 0.0479008557128"
"176","0.04829058885574341","0.00210707639432","0.000211769145594","0.0479389692393 - 0.0486422084722","0.0478703929272 - 0.0487107847842"
"177","0.047823281288146974","0.000918114692189","9.22739984395e-05","0.0476700703572 - 0.0479764922191","0.0476401896563 - 0.04800637292"
"178","0.048314452171325684","0.00100420640199","0.000100926540832","0.0481468746355 - 0.0484820297071","0.0481141920181 - 0.0485147123245"
"179","0.048756422996521","0.00115806002582","0.000116389411829","0.0485631710465 - 0.0489496749466","0.0485254811526 - 0.0489873648404"
"180","0.049809236526489255","0.0030604432116","0.000307586115911","0.0492985232599 - 0.0503199497931","0.0491989189413 - 0.0504195541117"
"181","0.04953592300415039","0.000994218978904","9.99227670447e-05","0.0493700121255 - 0.0497018338828","0.0493376545559 - 0.0497341914524"
"182","0.050427563190460205","0.00106561691756","0.000107098529872","0.0502497377386 - 0.0506053886423","0.050215056472 - 0.0506400699089"
"183","0.051479830741882324","0.00233936597336","0.000235115126696","0.0510894476649 - 0.0518702138189","0.0510133113219 - 0.0519463501618"
"184","0.053563978672027585","0.00248201316254","0.000249451708632","0.0531497912612 - 0.0539781660829","0.0530690123632 - 0.0540589449809"
"185","0.0530369234085083","0.00333812553508","0.000335494239484","0.0524798717404 - 0.0535939750766","0.0523712300514 - 0.0537026167656"
"186","0.052119524478912355","0.000877136011572","8.81554860756e-05","0.0519731518895 - 0.0522658970683","0.0519446048691 - 0.0522944440888"
"187","0.05278669834136963","0.00108474473339","0.000109020947696","0.052605680924 - 0.0529677157587","0.0525703771289 - 0.0530030195539"
"188","0.0572524881362915","0.0108714291138","0.00109261973653","0.0554383119889 - 0.0590666642837","0.0550844935335 - 0.0594204827391"
"189","0.05723748922348022","0.0103722267048","0.00104244800668","0.0555066177726 - 0.0589683606744","0.0551690462176 - 0.0593059322294"
"190","0.05629787921905518","0.00516356058632","0.000518957365064","0.0554362069998 - 0.0571595514383","0.0552681552182 - 0.0573276032199"
"191","0.05460592985153198","0.00210322385281","0.000211381950603","0.0542549531302 - 0.0549569065729","0.0541865022019 - 0.0550253575012"
"192","0.054056620597839354","0.00198164631604","0.000199162948409","0.0537259321997 - 0.054387308996","0.0536614380995 - 0.0544518030962"
"193","0.05361567258834839","0.00160533304008","0.000161342041137","0.0533477816902 - 0.0538835634865","0.0532955349753 - 0.0539358102014"
"194","0.05556813955307007","0.00188605396355","0.000189555555499","0.0552534031851 - 0.055882875921","0.0551920202066 - 0.0559442588995"
"195","0.05553975820541382","0.00162286023097","0.000163103590101","0.0552689424469 - 0.0558105739639","0.0552161252971 - 0.0558633911137"
"196","0.06007836580276489","0.00469295472362","0.000471659696254","0.0592952262145 - 0.0608615053911","0.0591424906381 - 0.0610142409674"
"197","0.05745123386383057","0.00222830667142","0.000223953246877","0.0570793838734 - 0.0578230838543","0.057006862035 - 0.0578956056926"
"198","0.05758975744247437","0.00168297091049","0.000169144940702","0.0573089106789 - 0.0578706042061","0.0572541371839 - 0.0579253777011"
"199","0.05786397933959961","0.00191224058336","0.000192187409815","0.057544873064 - 0.0581830856151","0.0574826378232 - 0.058245320856"
"200","0.06149295806884766","0.0102750927649","0.00103268567841","0.0597782959015 - 0.0632076202362","0.0594438856402 - 0.0635420304975"
"201","0.06220168352127075","0.00119978068641","0.000120582495986","0.0620014694114 - 0.0624018976312","0.0619624216887 - 0.0624409453539"
"202","0.06426674604415894","0.00637900990278","0.000641114617621","0.0632022450031 - 0.0653312470852","0.062994635552 - 0.0655388565363"
"203","0.06343077659606934","0.00370848525113","0.000372716791472","0.0628119209318 - 0.0640496322603","0.0626912256203 - 0.0641703275718"
"204","0.06350510597229003","0.00190027466851","0.000190984790123","0.0631879965158 - 0.0638222154287","0.0631261507142 - 0.0638840612303"
"205","0.06419674634933471","0.00264143362148","0.000265474067609","0.0637559555553 - 0.0646375371433","0.0636699882042 - 0.0647235044945"
"206","0.06359832048416138","0.00220306154141","0.000221416015846","0.0632306832897 - 0.0639659576787","0.0631589830722 - 0.0640376578961"
"207","0.06306414604187012","0.00176299425946","0.000177187589884","0.0627699453347 - 0.0633583467491","0.0627125674224 - 0.0634157246613"
"208","0.06451752185821533","0.00237947606885","0.000239146342969","0.0641204453854 - 0.0649145983311","0.0640430036306 - 0.0649920400858"
"209","0.06340444803237916","0.00201496809165","0.000202511912864","0.0630681990433 - 0.0637406970215","0.063002620462 - 0.0638062756028"
"210","0.06395360708236694","0.00249089017888","0.000250343882343","0.0635379383142 - 0.0643692758506","0.0634568705073 - 0.0644503436574"
"211","0.06531005144119263","0.00217491648143","0.000218587330886","0.0649471109702 - 0.0656729919122","0.0648763267539 - 0.0657437761285"
"212","0.064970383644104","0.00195549648097","0.000196534791098","0.0646440590151 - 0.0652967082731","0.06458041598 - 0.0653603513082"
"213","0.06525945425033569","0.00175428665488","0.000176312442695","0.0649667066298 - 0.0655522018709","0.0649096121128 - 0.0656092963879"
"214","0.06583930492401123","0.00194947479086","0.00019592958847","0.0655139851681 - 0.0661646246799","0.0654505381133 - 0.0662280717348"
"215","0.06809460878372192","0.00405649270537","0.000407692856622","0.0674176791702 - 0.0687715383972","0.0672856577066 - 0.0689035598608"
"216","0.07085920333862304","0.00352528988613","0.000354304964531","0.070270918509 - 0.0714474881683","0.070156185422 - 0.0715622212552"
"217","0.07264187097549439","0.0035916460834","0.000360974013285","0.0720425129163 - 0.0732412290347","0.0719256202193 - 0.0733581217317"
"218","0.069341881275177","0.00204080927754","0.000205109049766","0.0690013200229 - 0.0696824425274","0.0689349004217 - 0.0697488621286"
"219","0.07012605905532837","0.00209726472546","0.00021078303577","0.0697760767669 - 0.0704760413438","0.0697078197827 - 0.070544298328"
"220","0.07211778879165649","0.00583007871932","0.000585944957885","0.0711448909657 - 0.0730906866176","0.0709551468736 - 0.0732804307097"
"221","0.07212125778198242","0.00250143704758","0.000251403882531","0.0717038289988 - 0.0725386865651","0.0716224179366 - 0.0726200976274"
"222","0.0712372350692749","0.0020448249536","0.000205512640395","0.0708960036987 - 0.0715784664398","0.0708294534045 - 0.0716450167341"
"223","0.07264542579650879","0.00215918061475","0.00021700581678","0.0722851112575 - 0.0730057403355","0.0722148391763 - 0.0730760124167"
"224","0.07295857191085815","0.00169707806671","0.000170562763249","0.0726753710072 - 0.0732417728145","0.0726201383847 - 0.073297005437"
"225","0.07392010688781739","0.00225597143233","0.000226733659963","0.073543640324 - 0.0742965734516","0.0734702181162 - 0.0743699956594"
"226","0.07395861625671386","0.00261657888459","0.000262976072563","0.0735219731116 - 0.0743952594018","0.0734368146757 - 0.0744804178377"
"227","0.07284404993057252","0.00175831852567","0.000176717660957","0.0725506294892 - 0.0731374703719","0.0724934037521 - 0.0731946961091"
"228","0.07561802387237548","0.00282791760464","0.00028421641311","0.0751461134537 - 0.0760899342911","0.0750540768476 - 0.0761819708972"
"229","0.0748171591758728","0.00191126560971","0.000192089421277","0.0744982155996 - 0.0751361027521","0.07443601209 - 0.0751983062618"
"230","0.07449407815933227","0.00183666102856","0.000184591378752","0.0741875842666 - 0.0748005720521","0.0741278088165 - 0.0748603475022"
"231","0.07527930736541748","0.00181085565001","0.000181997840623","0.0749771197604 - 0.0755814949704","0.0749181841649 - 0.0756404305659"
"232","0.07591651439666748","0.00214642760176","0.000215724090749","0.0755583280243 - 0.0762747007691","0.075488470999 - 0.0763445577944"
"233","0.0767319416999817","0.00187739011663","0.00018868480612","0.0764186511166 - 0.0770452322833","0.0763575501092 - 0.0771063332908"
"234","0.08057245254516601","0.0051216355564","0.000514743741016","0.07971777659 - 0.0814271285004","0.0795510892886 - 0.0815938158018"
"235","0.07874581813812256","0.00313486702332","0.000315065990425","0.0782226853541 - 0.0792689509222","0.0781206588591 - 0.0793709774172"
"236","0.07954559087753296","0.00319875677361","0.00032148715193","0.0790117964537 - 0.0800793853014","0.078907690621 - 0.0801834911341"
"237","0.07998698234558105","0.00262714524701","0.000264038031942","0.0795485759325 - 0.0804253887587","0.0794630736068 - 0.0805108910844"
"238","0.08075658798217773","0.00274787714756","0.000276172044499","0.080298034362 - 0.0812151416024","0.08020860273 - 0.0813045732344"
"239","0.08100927591323853","0.00290729503645","0.000292194145174","0.0805241193388 - 0.0814944324877","0.0804294993373 - 0.0815890524892"
"240","0.08226743221282959","0.00340083814487","0.000341797093918","0.0816999153409 - 0.0828349490847","0.0815892326251 - 0.0829456318006"
"241","0.08324788808822632","0.00313686821291","0.000315267117546","0.0827244213545 - 0.083771354822","0.0826223297293 - 0.0838734464471"
"242","0.08311741590499878","0.002893604422","0.000290818186652","0.0826345439599 - 0.0836002878501","0.0825403695292 - 0.0836944622808"
"243","0.08427467584609985","0.00345963004316","0.000347705902018","0.0836973480415 - 0.0848520036507","0.0835847519012 - 0.084964599791"
"244","0.0846990156173706","0.00260960303908","0.000262274973709","0.0842635365706 - 0.0851344946642","0.0841786051686 - 0.0852194260662"
"245","0.08544549942016602","0.0028282205578","0.000284246861048","0.084973538446 - 0.0859174603944","0.0848814919801 - 0.0860095068603"
"246","0.0858382797241211","0.00290448860588","0.00029191208829","0.0853535914744 - 0.0863229679738","0.0852590628102 - 0.0864174966381"
"247","0.08608828544616699","0.00291366920068","0.000292834772784","0.0856020651793 - 0.0865745057131","0.085507237726 - 0.0866693331663"
"248","0.08774072885513305","0.00309027435661","0.000310584258792","0.0872250374986 - 0.0882564202116","0.087124462304 - 0.0883569954063"
"249","0.0877826976776123","0.00304323700809","0.000305856827392","0.0872748557064 - 0.0882905396488","0.087175811376 - 0.0883895839793"
"250","0.08928972721099854","0.00321677679052","0.000323298231772","0.0887529256862 - 0.0898265287358","0.0886482333791 - 0.0899312210429"
"251","0.0910227918624878","0.0029580744574","0.000297297669004","0.0905291614422 - 0.0915164222828","0.090432888788 - 0.091612694937"
"252","0.09202890634536744","0.00322797069414","0.000324423261416","0.0914902368313 - 0.0925675758594","0.0913851802106 - 0.0926726324801"
"253","0.09326709032058716","0.00305325329364","0.000306863501967","0.0927575768758 - 0.0937766037654","0.0926582065582 - 0.093875974083"
"254","0.09425985097885131","0.00314307314658","0.000315890736844","0.0937353487931 - 0.0947843531646","0.093633055224 - 0.0948866467337"
"255","0.09364752531051636","0.00376474236301","0.000378370843954","0.0930192817075 - 0.0942757689135","0.092896755468 - 0.094398295153"
"256","0.0932055139541626","0.00298730275231","0.00030023522317","0.0927070060449 - 0.0937040218634","0.0926097821349 - 0.0938012457734"
"257","0.09361797571182251","0.00331424487704","0.000333094143045","0.0930649091426 - 0.094171042281","0.0929570446667 - 0.0942789067569"
"258","0.09374755859375","0.0028876359373","0.000290218331369","0.093265682643 - 0.0942294345445","0.093171702461 - 0.0943234147265"
"259","0.09490453481674194","0.00306525502982","0.000308069721839","0.0943930185752 - 0.0954160510583","0.0942932576524 - 0.0955158119811"
"260","0.09519596815109253","0.00313601928643","0.000315181797224","0.0946726430825 - 0.0957192932197","0.0945705790862 - 0.095821357216"
"261","0.0890805697441101","0.0776509545213","0.00780421456848","0.0761225208951 - 0.102038618593","0.0735953149041 - 0.104565824584"
"262","0.09731276988983155","0.00323015195298","0.000324642486178","0.0967737363769 - 0.0978518034027","0.0966686087656 - 0.0979569310141"
"263","0.09787099123001099","0.00304152962783","0.00030568522922","0.0973634341789 - 0.0983785482811","0.0972644454164 - 0.0984775370437"
"264","0.09952929258346557","0.00348244916682","0.000349999310237","0.0989481568241 - 0.100110428343","0.0988348180191 - 0.100223767148"
"265","0.10176043510437012","0.00297408768747","0.000298907059181","0.101264132467 - 0.102256737742","0.101167338651 - 0.102353531558"
"266","0.10243516683578491","0.0034385013693","0.000345582390396","0.101861364891 - 0.10300896878","0.101749456399 - 0.103120877273"
"267","0.10292746543884278","0.00306965919908","0.000308512357503","0.102415214249 - 0.103439716629","0.102315309989 - 0.103539620888"
"268","0.10491053819656372","0.00555977208834","0.000558778119301","0.103982747949 - 0.105838328444","0.10380180118 - 0.106019275213"
"269","0.10480942726135253","0.00327520424425","0.000329170411817","0.104262875621 - 0.105355978902","0.10415628175 - 0.105462572772"
"270","0.10509781837463379","0.00392809530967","0.000394788432817","0.104442315152 - 0.105753321597","0.104314472474 - 0.105881164275"
"271","0.10395351886749267","0.00289759902354","0.000291219659212","0.103469980321 - 0.104437057414","0.103375675883 - 0.104531361852"
"272","0.10498800992965698","0.00306971133409","0.00030851759727","0.10447575004 - 0.10550026982","0.104375844083 - 0.105600175776"
"273","0.10894987821578979","0.00354877043827","0.000356664848813","0.108357675055 - 0.109542081376","0.108242177777 - 0.109657578655"
"274","0.10850593328475952","0.00360109321036","0.000361923485269","0.107904998731 - 0.109106867839","0.10778779857 - 0.109224067999"
"275","0.10926191091537475","0.00346893136804","0.000348640720342","0.108683030947 - 0.109840790884","0.108570132088 - 0.109953689743"
"276","0.11189944982528686","0.00369719338992","0.00037158191672","0.111282478497 - 0.112516421154","0.111162150687 - 0.112636748963"
"277","0.1102590560913086","0.00371719582574","0.000373592237159","0.109638746845 - 0.110879365338","0.109517768041 - 0.111000344141"
"278","0.11160069465637207","0.00380676252377","0.00038259402901","0.110965438914 - 0.112235950398","0.110841545098 - 0.112359844214"
"279","0.11095834732055664","0.00397730481607","0.000399734174297","0.110294632233 - 0.111622062408","0.110165187996 - 0.111751506645"
"280","0.1121138095855713","0.00358533596276","0.000360339822298","0.111515504531 - 0.11271211464","0.111398817202 - 0.112828801969"
"281","0.111909019947052","0.00351738727794","0.000353510722525","0.11132205387 - 0.112495986024","0.111207577979 - 0.112610461915"
"282","0.1179595422744751","0.00478516886695","0.000480927566369","0.117161014397 - 0.118758070152","0.117005277645 - 0.118913806904"
"283","0.11687725067138671","0.00352015557455","0.000353788946802","0.116289822633 - 0.11746467871","0.116175256646 - 0.117579244697"
"284","0.1169204568862915","0.00394246939657","0.000396233082906","0.11626255498 - 0.117578358793","0.116134244486 - 0.117706669286"
"285","0.11676740884780884","0.00483855642149","0.000486293217486","0.11595997189 - 0.117574845805","0.115802497602 - 0.117732320093"
"286","0.11939969539642334","0.00360405505778","0.000362221162135","0.118798266582 - 0.120001124211","0.118680970026 - 0.120118420767"
"287","0.1196811294555664","0.00378776320126","0.000380684525252","0.119049044237 - 0.120313214675","0.118925768767 - 0.120436490144"
"288","0.12043392419815063","0.00353234072167","0.000355013600165","0.119844462756 - 0.12102338564","0.119729500195 - 0.121138348202"
"289","0.12214854955673218","0.00376915822912","0.000378814655196","0.121519569053 - 0.12277753006","0.121396899096 - 0.122900200017"
"290","0.12270996570587159","0.00367041781388","0.000368890870075","0.122097462568 - 0.123322468844","0.121978006188 - 0.123441925224"
"291","0.12315072536468506","0.00399914720376","0.000401929416856","0.122483365316 - 0.123818085414","0.122353210202 - 0.123948240527"
"292","0.12420094728469849","0.00360712724617","0.000362529928685","0.123599005797 - 0.124802888772","0.123481609255 - 0.124920285315"
"293","0.12510535955429078","0.00392529325931","0.000394506816159","0.124450323926 - 0.125760395183","0.124322572442 - 0.125888146666"
"294","0.12308839797973632","0.00368393030192","0.000370248926221","0.122473639937 - 0.123703156022","0.122353743784 - 0.123823052175"
"295","0.12365904092788696","0.00333968316444","0.000335650787125","0.123101729329 - 0.124216352526","0.122993036946 - 0.124325044909"
"296","0.12371662616729737","0.00345647264839","0.000347388571904","0.123139825255 - 0.12429342708","0.123027331874 - 0.12440592046"
"297","0.12458324193954468","0.00322681681863","0.000324307292563","0.124044764979 - 0.1251217189","0.123939745912 - 0.125226737967"
"298","0.1255281710624695","0.00376266050142","0.000378161608991","0.124900274871 - 0.126156067254","0.124777816388 - 0.126278525737"
"299","0.1261095643043518","0.00362253142143","0.000364078106551","0.125505052236 - 0.126714076373","0.125387154354 - 0.126831974255"
"300","0.12737563848495484","0.00397248503864","0.000399249768438","0.1267127277 - 0.12803854927","0.126583440327 - 0.128167836643"
"301","0.1277132201194763","0.00384870256069","0.000386809161318","0.127070965609 - 0.12835547463","0.126945706825 - 0.128480733414"
"302","0.12927152395248412","0.00417619455697","0.000419723345363","0.128574619022 - 0.129968428883","0.128438701776 - 0.130104346129"
"303","0.12992828130722045","0.00377927743145","0.000379831673296","0.129297612156 - 0.130558950458","0.129174612862 - 0.130681949752"
"304","0.13050459146499635","0.0034135215671","0.000343071825814","0.12993495804 - 0.13107422489","0.129823862533 - 0.131185320397"
"305","0.13068255186080932","0.00363940962083","0.000365774429415","0.130075223233 - 0.131289880488","0.129956776038 - 0.131408327684"
"306","0.13221498012542723","0.00364325745009","0.000366161150807","0.131607009389 - 0.132822950862","0.131488436963 - 0.132941523288"
"307","0.13629185438156127","0.00640788471513","0.000644016645453","0.135222534839 - 0.137361173924","0.135013985637 - 0.137569723127"
"308","0.1339809513092041","0.00427811985273","0.00042996722302","0.133267037535 - 0.134694865084","0.133127803057 - 0.134834099562"
"309","0.13483640909194947","0.00447657517885","0.00044991273376","0.134089377968 - 0.135583440216","0.133943684619 - 0.135729133565"
"310","0.1353675627708435","0.003795785725","0.000381490819225","0.134734138789 - 0.136000986753","0.13461060222 - 0.136124523321"
"311","0.13658235788345338","0.00356859204531","0.000358656995277","0.13598684698 - 0.137177868786","0.135870704594 - 0.137294011173"
"312","0.13758083581924438","0.00409615284119","0.000411678850248","0.136897287897 - 0.138264383741","0.136763975666 - 0.138397695972"
"313","0.14002439975738526","0.00429284648183","0.000431447304935","0.139308028468 - 0.140740771047","0.139168314701 - 0.140880484814"
"314","0.13930721044540406","0.00383139996287","0.000385070184807","0.138667843316 - 0.139946577575","0.138543147657 - 0.140071273234"
"315","0.1399233841896057","0.00349281115823","0.000351040729558","0.139340519267 - 0.140506249112","0.139226843223 - 0.140619925156"
"316","0.14126798868179322","0.00391320311791","0.000393291711229","0.140614970603 - 0.141921006761","0.140487612601 - 0.142048364762"
"317","0.14159263610839845","0.00384074860274","0.000386009758466","0.140951708919 - 0.142233563297","0.140826709002 - 0.142358563215"
"318","0.14246690273284912","0.0033459298987","0.00033627860754","0.141908548707 - 0.143025256759","0.141799653019 - 0.143134152446"
"319","0.1434265375137329","0.00391299681885","0.000393270977393","0.142773553861 - 0.144079521167","0.142646202574 - 0.144206872454"
"320","0.14495259046554565","0.00406801647778","0.000408851039327","0.144273737816 - 0.145631443115","0.144141341303 - 0.145763839628"
"321","0.14876387119293213","0.00432278304508","0.000434456042747","0.148042504222 - 0.149485238164","0.147901816148 - 0.149625926238"
"322","0.15018151044845582","0.00472023811788","0.00047440178055","0.149393817928 - 0.150969202969","0.149240194394 - 0.151122826503"
"323","0.1475441575050354","0.00394255826658","0.000396242014677","0.146886240768 - 0.148202074242","0.146757927383 - 0.148330387627"
"324","0.14907734632492065","0.00381447064834","0.000383368724677","0.148440804285 - 0.149713888365","0.148316659603 - 0.149838033047"
"325","0.1489823603630066","0.00408596559315","0.000410654993296","0.148300512444 - 0.149664208282","0.148167531764 - 0.149797188962"
"326","0.14980677366256714","0.00500085137461","0.000502604473998","0.148972253639 - 0.150641293686","0.148809497345 - 0.15080404998"
"327","0.15094785928726195","0.00399042978191","0.000401053282996","0.150281953963 - 0.151613764611","0.150152082565 - 0.15174363601"
"328","0.15239901781082155","0.00457424637428","0.000459729058246","0.151635687748 - 0.153162347873","0.15148681562 - 0.153311220001"
"329","0.15267263412475585","0.00378085361815","0.00037999008602","0.152041701947 - 0.153303566303","0.151918651355 - 0.153426616895"
"330","0.15408259630203247","0.00363855362507","0.000365688398604","0.153475410519 - 0.154689782085","0.153356991183 - 0.154808201422"
"331","0.15507197856903077","0.00401747907531","0.00040377183927","0.154401559378 - 0.15574239776","0.154270807641 - 0.155873149497"
"332","0.1556298875808716","0.00400803299826","0.000402822472805","0.15496104471 - 0.156298730452","0.154830600402 - 0.15642917476"
"333","0.16100384235382081","0.00785591248435","0.000789548912013","0.159692882323 - 0.162314802385","0.159437206019 - 0.162570478689"
"334","0.15817917108535767","0.0047689276213","0.000479295259765","0.157383353475 - 0.158974988696","0.157228145306 - 0.159130196865"
"335","0.15883245229721069","0.00418516028762","0.000420624435198","0.158134051205 - 0.159530853389","0.157997842163 - 0.159667062432"
"336","0.15993306398391724","0.00423934549837","0.000426070253781","0.159225620703 - 0.160640507265","0.159087648164 - 0.160778479804"
"337","0.16087827920913697","0.00426021179346","0.000428167395344","0.160167353853 - 0.161589204566","0.160028702205 - 0.161727856213"
"338","0.1612425446510315","0.00400291872418","0.000402308468921","0.160574555227 - 0.161910534075","0.160444277367 - 0.162040811935"
"339","0.1625848078727722","0.00413694272586","0.000415778387905","0.161894453115 - 0.163275162631","0.161759813347 - 0.163409802398"
"340","0.16412119388580323","0.00515234340657","0.00051782999608","0.16326139354 - 0.164980994232","0.16309370683 - 0.165148680942"
"341","0.16467456340789796","0.00507347886906","0.000509903811832","0.163827923628 - 0.165521203187","0.163662803621 - 0.165686323195"
"342","0.16549702644348144","0.00444019557322","0.000446256445823","0.164756066188 - 0.166237986699","0.164611556839 - 0.166382496048"
"343","0.16673953533172609","0.00461512950224","0.000463837967207","0.165969382873 - 0.16750968779","0.165819180174 - 0.167659890489"
"344","0.1673077654838562","0.0043691738061","0.000439118489657","0.166578657027 - 0.168036873941","0.166436459133 - 0.168179071835"
"345","0.1679386591911316","0.004209799179","0.000423100736954","0.167236146469 - 0.168641171913","0.167099135537 - 0.168778182846"
"346","0.16983332395553588","0.00414157940037","0.000416244391227","0.16914219545 - 0.170524452461","0.169007404778 - 0.170659243133"
"347","0.17113489627838135","0.00467659601415","0.000470015584091","0.170354486559 - 0.171915305997","0.170202283389 - 0.172067509168"
"348","0.17241234064102173","0.00498502179665","0.000501013541552","0.171580462188 - 0.173244219094","0.171418221079 - 0.173406460203"
"349","0.1727755832672119","0.00422051761153","0.000424177979956","0.172071281901 - 0.173479884634","0.171933922129 - 0.173617244405"
"350","0.17404186725616455","0.00420554722396","0.000422673399393","0.173340064082 - 0.17474367043","0.173203191532 - 0.17488054298"
"351","0.17523247718811036","0.00439870136309","0.000442086120794","0.174498441303 - 0.175966513073","0.174355282413 - 0.176109671963"
"352","0.1754491925239563","0.00418196473155","0.000420303269729","0.174751324692 - 0.176147060356","0.174615219651 - 0.176283165397"
"353","0.1763516902923584","0.00425570854453","0.000427714801797","0.175641516418 - 0.177061864167","0.175503011332 - 0.177200369252"
"354","0.18077330112457277","0.00729662444494","0.000733338349091","0.179555672615 - 0.181990929634","0.179318198741 - 0.182228403508"
"355","0.1875576615333557","0.0101624636597","0.00102136602742","0.185861794414 - 0.189253528652","0.185531049748 - 0.189584273319"
"356","0.18031131029129027","0.00494495918269","0.000496987097351","0.17948611731 - 0.181136503272","0.179325180068 - 0.181297440515"
"357","0.1810489273071289","0.00440173449061","0.000442390961579","0.180314385267 - 0.181783469347","0.180171127662 - 0.181926726952"
"358","0.1808890652656555","0.00405121284379","0.000407162210567","0.180213016732 - 0.181565113799","0.180081167105 - 0.181696963426"
"359","0.1859084439277649","0.00701914728586","0.000705450845316","0.184737119583 - 0.187079768272","0.184508676402 - 0.187308211453"
"360","0.188423113822937","0.00640517097463","0.000643743904271","0.187354247138 - 0.189491980508","0.187145786256 - 0.18970044139"
"361","0.18513824701309203","0.00437942946965","0.000440149222625","0.184407427137 - 0.18586906689","0.184264895464 - 0.186011598562"
"362","0.18595357418060302","0.0046220474887","0.000464533251006","0.185182267279 - 0.186724881082","0.185031839429 - 0.186875308932"
"363","0.18675445079803465","0.00446332170335","0.000448580709353","0.186009631355 - 0.187499270241","0.18586436935 - 0.187644532246"
"364","0.19638988256454468","0.00963220410949","0.000968072937433","0.194782502821 - 0.197997262308","0.194469015832 - 0.198310749297"
"365","0.18905305624008178","0.00520337304057","0.000522958667267","0.188184740294 - 0.189921372186","0.188015392788 - 0.190090719693"
"366","0.1891472601890564","0.00429428685348","0.000431592067732","0.188430648537 - 0.189863871841","0.188290887892 - 0.190003632486"
"367","0.19050713539123534","0.00472515476313","0.000474895921989","0.189718622402 - 0.19129564838","0.189564838853 - 0.19144943193"
"368","0.19156018495559693","0.00447405269677","0.000449659214772","0.190813574772 - 0.192306795139","0.190667963519 - 0.192452406392"
"369","0.19266741275787352","0.00450753960769","0.000453024775951","0.191915214426 - 0.193419611089","0.191768513318 - 0.193566312198"
"370","0.1936145806312561","0.00462315335277","0.000464644394527","0.192843089188 - 0.194386072075","0.192692625347 - 0.194536535915"
"371","0.19462273597717286","0.00488200309621","0.000490659772591","0.19380804883 - 0.195437423124","0.193649160539 - 0.195596311415"
"372","0.19963715314865113","0.0081525873117","0.000819365854046","0.198276685331 - 0.200997620966","0.198011353532 - 0.201262952766"
"373","0.19731799125671387","0.0051414078601","0.000516730932307","0.196460015787 - 0.198175966727","0.196292684981 - 0.198343297532"
"374","0.19691415309906005","0.00447691540581","0.000449946927856","0.196167065199 - 0.197661240999","0.196021360778 - 0.197806945421"
"375","0.19839236736297608","0.00471466116256","0.000473841275451","0.1976056055 - 0.199179129226","0.197452163472 - 0.199332571254"
"376","0.20017314195632935","0.00471107668838","0.000473481022241","0.199386978254 - 0.200959305658","0.199233652886 - 0.201112631027"
"377","0.2000600790977478","0.00422032244917","0.0004241583654","0.199355810299 - 0.200764347896","0.199218456879 - 0.200901701316"
"378","0.2021302127838135","0.00472290014671","0.000474669324514","0.201342076035 - 0.202918349532","0.201188365864 - 0.203072059704"
"379","0.2027837085723877","0.00491308095696","0.000493783215117","0.201963835289 - 0.203603581856","0.201803935547 - 0.203763481598"
"380","0.20409825086593628","0.00407117491622","0.000409168474334","0.20341887115 - 0.204777630582","0.203286371843 - 0.204910129889"
"381","0.20524314641952515","0.00455866681419","0.000458163253543","0.204482416205 - 0.206003876634","0.204334051125 - 0.206152241714"
"382","0.20626879453659058","0.0046986476106","0.000472231852923","0.205484704944 - 0.207052884129","0.205331784089 - 0.207205804984"
"383","0.20639870882034303","0.0044442960397","0.00044666855821","0.205657064297 - 0.207140353344","0.205512421495 - 0.207284996145"
"384","0.20743968725204467","0.0046115901346","0.000463482247375","0.206670125428 - 0.208209249077","0.20652003792 - 0.208359336584"
"385","0.2098313570022583","0.00525448862388","0.000528095976685","0.208954511113 - 0.210708202891","0.208783500013 - 0.210879213991"
"386","0.21265159606933592","0.00901273039884","0.000905813486957","0.211147591367 - 0.214155600772","0.210854265594 - 0.214448926545"
"387","0.21579349040985107","0.00701873236373","0.000705409144074","0.214622235306 - 0.216964745514","0.214393805628 - 0.217193175191"
"388","0.21650029182434083","0.00537545578261","0.000540253633578","0.215603259469 - 0.21739732418","0.215428311406 - 0.217572272242"
"389","0.21891538858413695","0.00613508688454","0.000616599431886","0.217891592341 - 0.219939184828","0.217691921539 - 0.220138855629"
"390","0.22014224529266357","0.00700189431605","0.000703716856608","0.218973800048 - 0.221310690538","0.218745918377 - 0.221538572209"
"391","0.22194851636886598","0.00617233971647","0.000620343482368","0.220918503537 - 0.222978529201","0.220717620315 - 0.223179412422"
"392","0.2195400905609131","0.00503152176248","0.00050568696396","0.218700452398 - 0.220379728724","0.218536697915 - 0.220543483207"
"393","0.2204652523994446","0.0059162223313","0.000594602716644","0.219477979307 - 0.221452525491","0.21928543161 - 0.221645073189"
"394","0.22186658143997193","0.00510237591433","0.000512808074157","0.221015119449 - 0.222718043431","0.220849058966 - 0.222884103914"
"395","0.22727644443511963","0.00931887274362","0.000936581950293","0.225721352048 - 0.228831536822","0.225418062653 - 0.229134826217"
"396","0.22933602809906006","0.00931276952041","0.000935968553281","0.227781954191 - 0.230890102007","0.22747886343 - 0.231193192769"
"397","0.22377755403518676","0.00672103743207","0.0006754896777","0.222655976948 - 0.224899131122","0.222437235966 - 0.225117872104"
"398","0.23512672185897826","0.0127016517673","0.00127656403424","0.233007126226 - 0.237246317491","0.232593741863 - 0.237659701855"
"399","0.2459522771835327","0.0177015111663","0.00177906881094","0.242998327064 - 0.248906227303","0.242422218691 - 0.249482335676"
"400","0.24565858364105225","0.00853221450225","0.000857519822266","0.244234765312 - 0.24708240197","0.243957078273 - 0.247360089009"
"401","0.2502918219566345","0.0206105335336","0.00207143655939","0.246852427013 - 0.2537312169","0.246181642422 - 0.254402001492"
"402","0.2504800987243652","0.01194578621","0.00120059668741","0.248486638603 - 0.252473558846","0.248097854425 - 0.252862343023"
"403","0.23837143421173096","0.00865406313043","0.000869766070172","0.236927282321 - 0.239815586102","0.236645629631 - 0.240097238792"
"404","0.2510634660720825","0.00959257097187","0.000964089657229","0.249462700132 - 0.252664232013","0.249150503031 - 0.252976429113"
"405","0.2550232911109924","0.0117653398665","0.00118246114752","0.253059943079 - 0.256986639143","0.252677031658 - 0.257369550564"
"406","0.2646921396255493","0.00591062266017","0.00059403992852","0.263705800982 - 0.265678478269","0.26351343553 - 0.265870843722"
"407","0.2555385112762451","0.00861194055631","0.000865532592186","0.254101388615 - 0.256975633938","0.253821106835 - 0.257255915718"
"408","0.257595865726471","0.0155109297823","0.0015589070981","0.255007470168 - 0.260184261285","0.254502655837 - 0.260689075616"
"409","0.2578741431236267","0.0125737918425","0.00126371362829","0.255775884191 - 0.259972402056","0.255366661121 - 0.260381625127"
"410","0.2538634490966797","0.0170949345365","0.00171810556586","0.25101072181 - 0.256716176383","0.250454354908 - 0.257272543285"
"411","0.2757575011253357","0.0253382856028","0.00254659352046","0.271529159766 - 0.279985842485","0.270704507093 - 0.280810495157"
"412","0.2698249983787537","0.0242051394427","0.00243270804635","0.265785751453 - 0.273864245304","0.264997977835 - 0.274652018922"
"413","0.2695076322555542","0.00872032642947","0.000876425782302","0.268052422638 - 0.270962841873","0.267768613362 - 0.27124665115"
"414","0.28573835372924805","0.0402874871741","0.00404904480918","0.279015355538 - 0.292461351921","0.277704170381 - 0.293772537077"
"415","0.2763091611862183","0.0160119272036","0.00160925923348","0.273637161387 - 0.278981160985","0.273116041736 - 0.279502280637"
"416","0.31326722383499145","0.0575167554315","0.00578065142197","0.303669081338 - 0.322865366332","0.301797157293 - 0.324737290377"
"417","0.29003583192825316","0.0227997691185","0.00229146301433","0.286231107005 - 0.293840556852","0.285489072171 - 0.294582591685"
"418","0.2788915824890137","0.00826758931989","0.000830923990753","0.277511923643 - 0.280271241335","0.277242849021 - 0.280540315957"
"419","0.2794025731086731","0.00927757766538","0.000932431638772","0.277854371862 - 0.280950774355","0.277552426445 - 0.281252719772"
"420","0.2734899926185608","0.0111699189928","0.00112261909812","0.271626005796 - 0.275353979441","0.271262472774 - 0.275717512463"
"421","0.2644845747947693","0.00729087481616","0.000732760489656","0.263267905758 - 0.265701243831","0.26303061901 - 0.26593853058"
"422","0.26506876945495605","0.00829396970705","0.00083357531942","0.263684708367 - 0.266452830543","0.263414775176 - 0.266722763734"
"423","0.2616507911682129","0.00580863156553","0.000583789437827","0.260681472349 - 0.262620109988","0.26049242627 - 0.262809156067"
"424","0.26386705636978147","0.00796741964466","0.000800755803292","0.262537488516 - 0.265196624224","0.262278183131 - 0.265455929609"
"425","0.2617302918434143","0.0062190117045","0.000625034193656","0.260692490596 - 0.262768093091","0.260490088401 - 0.262970495286"
"426","0.26167460918426516","0.00545794476804","0.000548544088548","0.260763811431 - 0.262585406938","0.260586178705 - 0.262763039663"
"427","0.2676358103752136","0.0118298368349","0.00118894333674","0.265661699374 - 0.269609921377","0.265276688852 - 0.269994931898"
"428","0.2669201350212097","0.00753266852484","0.000757061671728","0.265663116517 - 0.268177153525","0.265417960419 - 0.268422309624"
"429","0.2673552703857422","0.00575039142394","0.000577936083361","0.266395670424 - 0.268314870347","0.266208519812 - 0.268502020959"
"430","0.2674696850776672","0.00718735481822","0.000722356338399","0.266270291002 - 0.268669079153","0.266036373386 - 0.268902996769"
"431","0.26648339986801145","0.00389227580036","0.000391188436678","0.265833874047 - 0.267132925689","0.265707197141 - 0.267259602595"
"432","0.26913405418395997","0.00499792779605","0.000502310643297","0.268300022034 - 0.269968086334","0.268137360891 - 0.270130747477"
"433","0.26952348232269285","0.0058791765762","0.000590879478167","0.268542391263 - 0.270504573383","0.268351049246 - 0.2706959154"
"434","0.2764079213142395","0.011465728681","0.00115234909039","0.274494571076 - 0.278321271553","0.274121410715 - 0.278694431913"
"435","0.28234645366668704","0.0165249333669","0.00166081829284","0.279588845662 - 0.285104061672","0.279051029857 - 0.285641877477"
"436","0.30020577907562257","0.0240544045763","0.00241755862227","0.29619168612 - 0.304219872031","0.295408818276 - 0.305002739875"
"437","0.3019140076637268","0.00661750193802","0.000665083969026","0.300809708124 - 0.303018307204","0.300594336778 - 0.303233678549"
"438","0.29836508989334104","0.0121833785174","0.00122447561276","0.296331981415 - 0.300398198372","0.295935464626 - 0.300794715161"
"439","0.28605826616287233","0.01046554737","0.00105182708642","0.284311821771 - 0.287804710555","0.283971213028 - 0.288145319298"
"440","0.29401986360549925","0.0242349197744","0.0024357010823","0.28997564707 - 0.298064080141","0.289186904229 - 0.298852822982"
"441","0.2888629722595215","0.0151501877877","0.0015226511635","0.286334775734 - 0.291391168785","0.28584170201 - 0.291884242509"
"442","0.2829912853240967","0.0070530345672","0.000708856645237","0.281814306019 - 0.284168264629","0.281584759952 - 0.284397810696"
"443","0.2996485924720764","0.0214857653192","0.00215940066356","0.296063142708 - 0.303234042236","0.29536387307 - 0.303933311874"
"444","0.30012855529785154","0.0114647152574","0.00115224723749","0.298215374175 - 0.30204173642","0.297842246797 - 0.302414863799"
"445","0.29917062520980836","0.0112781552931","0.00113349725559","0.297288576391 - 0.301052674028","0.296921520741 - 0.301419729679"
"446","0.2986182236671448","0.00747562081253","0.000751328160913","0.297370725034 - 0.299865722301","0.297127425594 - 0.30010902174"
"447","0.30160309791564943","0.0115591766212","0.00116174096175","0.299674153497 - 0.303532042334","0.299297951806 - 0.303908244025"
"448","0.3095419001579285","0.0275276480835","0.0027666327289","0.304948207643 - 0.314135592673","0.304052300599 - 0.315031499717"
"449","0.3104043459892273","0.0164227811014","0.00165055160387","0.307663784704 - 0.313144907275","0.307129293517 - 0.313679398461"
"450","0.3187378787994385","0.00608556396996","0.000611622191699","0.317722346722 - 0.319753410877","0.317524287679 - 0.31995146992"
"451","0.32201194763183594","0.00707439362559","0.000711003311375","0.320831404022 - 0.323192491242","0.320601162809 - 0.323422732455"
"452","0.32947171449661256","0.0175883306268","0.00176769373872","0.326536651446 - 0.332406777547","0.325964226615 - 0.332979202378"
"453","0.3408565902709961","0.0242027197766","0.00243246486076","0.336817747129 - 0.344895433413","0.33603005226 - 0.345683128282"
"454","0.34883917570114137","0.0425529049778","0.00427672786519","0.341738134577 - 0.355940216825","0.340353219774 - 0.357325131628"
"455","0.3547559475898743","0.0371030211206","0.00372899392866","0.34856435905 - 0.36094753613","0.347356814625 - 0.362155080555"
"456","0.3440663719177246","0.0360606850838","0.00362423521533","0.338048723819 - 0.350084020017","0.336875102967 - 0.351257640868"
"457","0.354254150390625","0.0346009434118","0.00347752565726","0.348480097545 - 0.360028203237","0.347353985032 - 0.361154315749"
"458","0.3346604990959168","0.0246501035304","0.00247742861981","0.330546998526 - 0.338773999666","0.329744743232 - 0.339576254959"
"459","0.3303272318840027","0.00870898580198","0.000875286006355","0.32887391474 - 0.331780549028","0.328590474553 - 0.332063989215"
"460","0.33672414541244505","0.0107593228529","0.00108135263337","0.334928677063 - 0.338519613761","0.334578507187 - 0.338869783638"
"461","0.33954716682434083","0.00870554910952","0.000874940605766","0.338094423181 - 0.340999910468","0.337811094843 - 0.341283238806"
"462","0.333372004032135","0.0116213676234","0.00116799139265","0.331432681453 - 0.335311326611","0.331054455712 - 0.335689552353"
"463","0.34045532703399656","0.0333595475609","0.00335276067987","0.334888432853 - 0.346022221215","0.333802722459 - 0.347107931609"
"464","0.328512077331543","0.0127920810465","0.00128565251876","0.32637739126 - 0.330646763403","0.32596106381 - 0.331063090853"
"465","0.3476494836807251","0.0390333682248","0.00392300111229","0.341135767329 - 0.354163200033","0.339865398373 - 0.355433568989"
"466","0.3301334691047668","0.0162000645013","0.00162816774335","0.327430073783 - 0.332836864426","0.326902831069 - 0.333364107141"
"467","0.3376708388328552","0.0127423141583","0.0012806507583","0.33554445764 - 0.339797220026","0.335129749889 - 0.340211927776"
"468","0.3329068660736084","0.0307987438824","0.00309539022643","0.327767307517 - 0.33804642463","0.326764940315 - 0.339048791832"
"469","0.34359928369522097","0.010982735856","0.00110380648503","0.34176653317 - 0.345432034221","0.341409092156 - 0.345789475234"
"470","0.3483922505378723","0.00710320704762","0.000713899169247","0.347206898671 - 0.349577602405","0.346975719705 - 0.349808781371"
"471","0.34616690397262573","0.032836487706","0.00330019118648","0.340687295713 - 0.351646512232","0.339618608677 - 0.352715199268"
"472","0.3284802150726318","0.00843845351774","0.000848096488764","0.327072043163 - 0.329888386982","0.326797407643 - 0.330163022502"
"473","0.32610193252563474","0.00821228857252","0.00082536605652","0.324731502025 - 0.327472363026","0.324464227205 - 0.327739637846"
"474","0.330541718006134","0.0130880930233","0.00131540284181","0.328357634761 - 0.332725801251","0.327931673389 - 0.333151762623"
"475","0.35633378982543945","0.00929910109818","0.000934594825159","0.354781996843 - 0.357885582808","0.354479350931 - 0.35818822872"
"476","0.35798638582229614","0.00551425745135","0.000554203726168","0.357066190857 - 0.358906580788","0.356886725394 - 0.35908604625"
"477","0.3570048117637634","0.0102577760777","0.00103094528586","0.355293039329 - 0.358716584199","0.354959192651 - 0.359050430876"
"478","0.36320698499679566","0.00540153281785","0.00054287447423","0.362305601021 - 0.364108368973","0.362129804262 - 0.364284165731"
"479","0.35896084070205686","0.00418068643913","0.000420174796506","0.358263186186 - 0.359658495218","0.358127122748 - 0.359794558656"
"480","0.360668466091156","0.0106945172285","0.00107483942306","0.358883812219 - 0.362453119963","0.358535751488 - 0.362801180695"
"481","0.3635709357261658","0.0203155775217","0.00204179236482","0.360180761741 - 0.366961109711","0.359519576704 - 0.367622294748"
"482","0.36366571187973024","0.0058174260639","0.000584673318169","0.362694925473 - 0.364636498286","0.362505593171 - 0.364825830589"
"483","0.3466808748245239","0.0104025509937","0.00104549571239","0.34494494299 - 0.348416806659","0.344606384509 - 0.34875536514"
"484","0.34857588052749633","0.0135574370095","0.00136257368726","0.346313475228 - 0.350838285827","0.34587223872 - 0.351279522335"
"485","0.34449546337127684","0.00838405171537","0.000842628901903","0.343096369795 - 0.345894556948","0.34282350482 - 0.346167421922"
"486","0.34829729557037353","0.00992328868237","0.000997328037752","0.346641340917 - 0.349953250224","0.346318380372 - 0.350276210769"
"487","0.3512242102622986","0.00976145404405","0.000981063044619","0.34959526186 - 0.352853158665","0.349277568339 - 0.353170852186"
"488","0.35133054971694944","0.00934542422858","0.000939250474936","0.349771026535 - 0.352890072899","0.349466873003 - 0.353194226431"
"489","0.3482862687110901","0.00869016646511","0.000873394591834","0.346836092055 - 0.349736445367","0.346553264357 - 0.350019273066"
"490","0.3565144848823547","0.0134117873711","0.00134793534781","0.354276384952 - 0.358752584813","0.353839888716 - 0.359189081049"
"491","0.35192623376846316","0.010078968603","0.00101297445848","0.350244299936 - 0.353608167601","0.349916272677 - 0.35393619486"
"492","0.3537208652496338","0.00867671111035","0.000872042277798","0.352272933964 - 0.355168796535","0.35199054418 - 0.35545118632"
"493","0.3563634204864502","0.0108477775587","0.0010902426658","0.354553191206 - 0.358173649767","0.354200142508 - 0.358526698465"
"494","0.3594034576416016","0.00918398390305","0.000923025111729","0.357870874909 - 0.360936040374","0.357571975568 - 0.361234939715"
"495","0.3644376158714294","0.0139000864904","0.00139701125582","0.362118030737 - 0.366757201005","0.361665642456 - 0.367209589287"
"496","0.35942123413085936","0.00963127802935","0.000967979862877","0.357814008927 - 0.361028459334","0.357500552078 - 0.361341916183"
"497","0.3581254959106445","0.00799430247159","0.000803457629057","0.356791441969 - 0.359459549852","0.356531261663 - 0.359719730158"
"498","0.359697687625885","0.00889107487792","0.000893586647061","0.35821398426 - 0.361181390992","0.357924617853 - 0.361470757399"
"499","0.36458253383636474","0.00902485536816","0.000907032092225","0.363076505772 - 0.366088561901","0.362782785383 - 0.366382282289"
